ESV Name	KMZ Name	Lat	Lon	Passages	Comment
Abana	Abana	33.545097	36.224661	2 Kgs 5:12	Now Barada River
Abdon	Abdon	33.047808	35.146201	Josh 21:30, 1 Chr 6:74, Josh 19:28	
Abel-beth-maacah	Abel-beth-maacah	33.268526	35.578047	2 Sam 20:14, 2 Sam 20:15, 2 Sam 20:18, 1 Kgs 15:20, 2 Kgs 15:29, 2 Chr 16:4	
Abel-meholah	Abel-meholah	32.35601	35.536929	Judg 7:22, 1 Kgs 4:12, 1 Kgs 19:16	
Abel-shittim	Abel-shittim	31.858262	35.641567	Num 33:49, Num 25:1, Josh 2:1, Josh 3:1, Mic 6:5	
Abilene	Abilene	33.5873	36.09171	Luke 3:1	
Accad	Accad	33.092017	44.129248	Gen 10:10	
Achshaph	Achshaph	32.951821	35.173827	Josh 11:1, Josh 12:20, Josh 19:25	
Achzib	Achzib	31.7	35	Josh 15:44, Mic 1:14, Gen 38:5, 1 Chr 4:22	
Achzib (2)	Achzib (2)	33.048468	35.102203	Josh 19:29, Judg 1:31	
Acre	Acre	32.927583	35.081555	Judg 1:31, Acts 21:7	
Adam	Adam	32.09772	35.564691	Josh 3:16	
Adami-nekeb	Adami-nekeb	32.6105	35.54289	Josh 19:33	
Admah	Admah	31.119423	35.41253	Gen 10:19, Gen 14:2, Gen 14:8, Deut 29:23, Hos 11:8	
Adoraim	Adoraim	31.516667	34.983333	2 Chr 11:9	
Adramyttium	Adramyttium	39.5748	26.9367	Acts 27:2	
Adullam	Adullam	31.65	35	Josh 12:15, Josh 15:35, 1 Sam 22:1, 2 Sam 23:13, 1 Chr 11:15, 2 Chr 11:7, Neh 11:30, Mic 1:15	
Adummim	Adummim	31.817585	35.361646	Josh 15:7, Josh 18:17	
Aenon	Aenon	32.398936	35.54351	John 3:23	
Ahava	Ahava	33.625197	42.786647	Ezra 8:15, Ezra 8:21, Ezra 8:31	
Ahlab	Ahlab	33.02498	35.445447	Judg 1:31, Josh 19:29	
Aijalon	Aijalon	31.841174	35.025379	Josh 19:42, Josh 21:24, Judg 1:35, Judg 12:12, 1 Sam 14:31, 1 Chr 6:69, 1 Chr 8:13, 2 Chr 11:10, 2 Chr 28:18, Josh 10:12	
Ain	Ain	34.353071	36.385705	Num 34:11, Josh 15:32, Josh 19:7, 1 Chr 4:32, Zech 14:10	
Ain (2)	Ain (2)	31.370835	34.860665	Josh 15:32, Josh 19:7, Josh 21:16, 1 Chr 4:32, Neh 11:29	
Akrabbim	Akrabbim	30.688292	35.263182	Num 34:4, Josh 15:3, Judg 1:36	
Alejandría	Alejandría	31.227841	29.956924	Acts 18:24, Acts 27:6, Acts 28:11	
Alemeth	Alemeth	31.828406	35.287637	1 Chr 6:60, Josh 21:18	
Amad	Amad	33.019337	35.173644	Josh 19:26	
Amana	Amana	33.68137	36.055039	Sng 4:8	
Amón	Amón	31.950189	35.924131	Deut 2:19, Deut 2:37, Judg 11:27, 2 Chr 20:10, 2 Chr 20:22, 2 Chr 20:23, Neh 13:23, Ps 83:7, Jer 9:26, Jer 25:21, Jer 27:3, Ezek 25:5, Gen 14:5, Deut 3:11, Josh 13:25, Josh 15:60, 2 Sam 11:1, 2 Sam 12:26, 2 Sam 12:27, 2 Sam 12:29	
Anab	Anab	31.403888	34.944185	Josh 11:21, Josh 15:50	
Anaharath	Anaharath	32.607039	35.397389	Josh 19:19	
Anathoth	Anathoth	31.812913	35.263499	Josh 21:18, 2 Sam 23:27, 1 Kgs 2:26, 1 Chr 6:60, 1 Chr 11:28, 1 Chr 12:3, 1 Chr 27:12, Ezra 2:23, Neh 7:27, Neh 11:32, Isa 10:30, Jer 1:1, Jer 11:21, Jer 11:23, Jer 29:27, Jer 32:7, Jer 32:8, Jer 32:9	
Anfípolis	Anfípolis	40.823225	23.838631	Acts 17:1	
Anim	Anim	31.373521	35.074552	Josh 15:50, Josh 21:14, 1 Sam 30:28, 1 Chr 6:57	
Antioquía de Pisidia	Antioquía de Pisidia	38.316431	31.179487	Acts 13:14, Acts 14:19, Acts 14:21, 2 Tim 3:11	
Antioquía de Siria	Antioquía de Siria	36.202331	36.162388	Acts 6:5, Acts 11:19, Acts 11:20, Acts 11:22, Acts 11:26, Acts 11:27, Acts 13:1, Acts 14:26, Acts 15:22, Acts 15:23, Acts 15:30, Acts 15:35, Acts 18:22, Gal 2:11	
Antipatris	Antipatris	32.100438	34.946509	Acts 23:31	
Aphek	Aphek	34.066067	35.865801	Josh 13:4, Josh 19:30, Judg 1:31	http://www.traveljournals.net/explore/lebanon/map/m1170262/hamul.html
Aphek (2)	Aphek (2)	32.104713	34.931979	Josh 12:18, 1 Sam 4:1, 1 Sam 29:1, Josh 15:53	
Aphek (3)	Aphek (3)	32.778268	35.698749	1 Kgs 20:26, 1 Kgs 20:30, 2 Kgs 13:17	
Apollonia	Apollonia	40.587633	23.353352	Acts 17:1	
Ar	Ar	31.449809	35.593958	Num 21:15, Num 21:28, Deut 2:9, Deut 2:18, Deut 2:29, Isa 15:1	
Arabá	Arabá	32.029676	35.520995	Deut 1:1, Deut 1:7, Deut 2:8, Deut 3:17, Deut 4:49, Deut 11:30, Josh 8:14, Josh 11:2, Josh 11:16, Josh 12:1, Josh 12:3, Josh 12:8, Josh 18:18, 1 Sam 23:24, 2 Sam 2:29, 2 Sam 4:7, 2 Kgs 25:4, Jer 39:4, Jer 52:7, Ezek 47:8	
Arad	Arad	31.280982	35.126366	Num 21:1, Num 33:40, Josh 12:14, Judg 1:16	
Ararat	Ararat	39.702893	44.29818	Gen 8:4, 2 Kgs 19:37, Isa 37:38, Jer 51:27	
Arnón	Arnón	31.4288	35.677009	Num 21:13, Num 21:14, Num 21:24, Num 21:26, Num 21:28, Num 22:36, Judg 11:13, Judg 11:18, Judg 11:22, Judg 11:26, Isa 16:2, Jer 48:20, Deut 2:24, Deut 2:36, Deut 3:8, Deut 3:12, Deut 3:16, Deut 4:48, Josh 12:1, Josh 12:2	Now Wadi Mojib
Aroer	Aroer	31.471095	35.822003	Deut 2:36, Deut 3:12, Deut 4:48, Josh 12:2, Josh 13:9, Josh 13:16, Judg 11:26, 2 Kgs 10:33, Jer 48:19	
Aroer (3)	Aroer (3)	31.148932	34.984852	1 Sam 30:28	
Arroyo de Egipto	Arroyo de Egipto	31.032047	33.854957	Num 34:5, Josh 15:4, Josh 15:47, 1 Kgs 8:65, 2 Kgs 24:7, 2 Chr 7:8, Isa 27:12, Ezek 47:19, Ezek 48:28, Josh 13:3, Isa 23:3	river: now Wadi al Arish; http://en.wikipedia.org/wiki/Brook_of_Egypt
Arumah	Arumah	32.154887	35.318192	Judg 9:41, 2 Kgs 23:36	?
Arvad	Arvad	34.856082	35.858485	Ezek 27:8, Ezek 27:11	
Ashdod	Ashdod	31.803	34.635115	Josh 11:22, Josh 13:3, Josh 15:46, Josh 15:47, 1 Sam 5:1, 1 Sam 5:3, 1 Sam 5:5, 1 Sam 5:6, 1 Sam 5:7, 1 Sam 6:17, 2 Chr 26:6, Neh 13:23, Neh 13:24, Isa 20:1, Jer 25:20, Amos 1:8, Amos 3:9, Zech 9:6, Zeph 2:4, Acts 8:40	
Ashkelon	Ashkelon	31.662405	34.547228	Josh 13:3, Judg 1:18, Judg 14:19, 1 Sam 6:17, 2 Sam 1:20, Jer 25:20, Jer 47:5, Jer 47:7, Amos 1:8, Zeph 2:4, Zeph 2:7, Zech 9:5	
Ashtaroth	Ashtaroth	32.833333	36.016667	Deut 1:4, Josh 9:10, Josh 12:4, Josh 13:12, Josh 13:31, 1 Chr 6:71, Josh 21:27	
Ashteroth-karnaim	Ashteroth-karnaim	32.766667	36.016667	Gen 14:5, Amos 6:13	
Assos	Assos	39.48955	26.335867	Acts 20:13, Acts 20:14	
Ataroth	Ataroth	31.6	35.7	Num 32:3, Num 32:34	
Atenas	Atenas	37.983333	23.733333	Acts 17:15, Acts 17:16, Acts 17:22, Acts 18:1, 1 Thes 3:1	
Attalia	Attalia	36.880826	30.694566	Acts 14:25	
Azekah	Azekah	31.700639	34.936186	Josh 10:10, Josh 10:11, Josh 15:35, 1 Sam 17:1, 2 Chr 11:9, Neh 11:30, Jer 34:7	
Azmon	Azmon	30.958506	34.3805	Num 34:4, Num 34:5, Josh 15:4	~
Baal-hazor	Baal-hazor	31.979434	35.279229	2 Sam 13:23	
Baal-meon	Baal-meon	31.679454	35.734892	Num 32:38, 1 Chr 5:8, Ezek 25:9, Num 32:3, Josh 13:17, Jer 48:23	
Baalath-beer	Baalath-beer	32.049953	35.733402	1 Chr 4:33, Josh 19:8, Josh 15:24, 1 Kgs 4:16, 1 Sam 30:27	
Babel	Babel	32.536504	44.420883	Gen 10:10, Gen 11:9, 2 Kgs 17:24, 2 Kgs 17:30, 2 Kgs 20:12, 2 Kgs 20:14, 2 Kgs 20:17, 2 Kgs 20:18, 2 Kgs 24:1, 2 Kgs 24:7, 2 Kgs 24:10, 2 Kgs 24:11, 2 Kgs 24:12, 2 Kgs 24:15, 2 Kgs 24:16, 2 Kgs 24:17, 2 Kgs 24:20, 2 Kgs 25:1, 2 Kgs 25:6, 2 Kgs 25:7	
Beeroth	Beeroth	31.900074	35.216688	Judg 9:21, Josh 9:17, Josh 18:25, 2 Sam 4:2, 2 Sam 23:37, 1 Chr 11:39, Ezra 2:25, Neh 7:29	
Beerseba	Beerseba	31.244952	34.840889	Gen 21:14, Gen 21:31, Gen 21:32, Gen 21:33, Gen 22:19, Gen 26:23, Gen 26:33, Gen 28:10, Gen 46:1, Gen 46:5, Josh 15:28, Josh 19:2, Judg 20:1, 1 Sam 3:20, 1 Sam 8:2, 2 Sam 3:10, 2 Sam 17:11, 2 Sam 24:2, 2 Sam 24:7, 2 Sam 24:15	
Belén de Judea	Belén de Judea	31.705361	35.210266	Gen 35:19, Gen 48:7, Judg 12:8, Judg 12:10, Judg 17:7, Judg 17:8, Judg 17:9, Judg 19:1, Judg 19:2, Judg 19:18, Ruth 1:1, Ruth 1:2, Ruth 1:19, Ruth 1:22, Ruth 2:4, Ruth 4:11, 1 Sam 16:4, 1 Sam 17:12, 1 Sam 17:15, 1 Sam 20:6	?
Belén de Zabulón	Belén de Zabulón	32.735379	35.189704	Josh 19:15	
Bene-berak	Bene-berak	32.035782	34.827108	Josh 19:45	uk.geocities.com/jonpartin/joshua4.html
Berea	Berea	40.5167	22.2	Acts 17:10, Acts 17:13	
Berothah	Berothah	33.93148	36.152049	Ezek 47:16, 2 Sam 8:8, 1 Chr 18:8	
Besor	Besor	31.398056	34.436667	1 Sam 30:9, 1 Sam 30:10, 1 Sam 30:21	wadi esh sheria
Betania (Judea)	Betania (Judea)	31.771666	35.262122	Matt 21:17, Matt 26:6, Mark 11:1, Mark 11:11, Mark 11:12, Mark 14:3, Luke 19:29, Luke 24:50, John 11:1, John 11:18, John 12:1	
Betania (Transjordania)	Betania (Transjordania)	31.836321	35.5526	John 1:28, Judg 7:24	
Betel	Betel	31.930539	35.221033	Hos 10:8, Gen 12:8, Gen 13:3, Gen 28:19, Gen 31:13, Gen 35:1, Gen 35:3, Gen 35:6, Gen 35:8, Gen 35:15, Gen 35:16, Josh 7:2, Josh 8:9, Josh 8:12, Josh 8:17, Josh 12:9, Josh 16:1, Josh 16:2, Josh 18:13, Josh 18:22	?
Beten	Beten	32.934736	35.270799	Josh 19:25	
Betfagé	Betfagé	31.790383	35.256672	Matt 21:1, Mark 11:1, Luke 19:29	
Beth-anoth	Beth-anoth	31.558456	35.124483	Josh 15:59	
Beth-arbel	Beth-arbel	32.561011	35.84783	Hos 10:14	
Beth-aven	Beth-aven	31.895717	35.253098	Josh 7:2, Josh 18:12, 1 Sam 13:5, 1 Sam 14:23, Hos 4:15, Hos 5:8, Hos 10:5	
Beth-azmaveth	Beth-azmaveth	31.834203	35.260706	Ezra 2:24, Neh 12:29, Neh 7:28	
Beth-emek	Beth-emek	32.978855	35.167096	Josh 19:27	
Beth-gamul	Beth-gamul	31.519692	35.844714	Jer 48:23	
Beth-haccherem	Beth-haccherem	31.665911	35.241516	Neh 3:14, Jer 6:1	
Beth-haram	Beth-haram	31.816667	35.583333	Josh 13:27, Num 32:36	~
Beth-hoglah	Beth-hoglah	31.837062	35.513151	Josh 15:6, Josh 18:19, Josh 18:21	
Beth-jeshimoth	Beth-jeshimoth	31.776911	35.598657	Num 33:49, Josh 12:3, Josh 13:20, Ezek 25:9	
Beth-nimrah	Beth-nimrah	31.900811	35.625693	Num 32:36, Josh 13:27, Num 32:3	now Beth-Nimrah
Beth-peor	Beth-peor	31.656099	35.71187	Deut 3:29, Deut 4:46, Deut 34:6, Josh 13:20	~
Beth-rehob	Beth-rehob	33.219354	35.544122	Judg 18:28, 2 Sam 10:6, Num 13:21, 2 Sam 10:8	
Beth-shan	Beth-shan	32.504238	35.503077	1 Sam 31:10, 1 Sam 31:12, 2 Sam 21:12, Josh 17:11, Josh 17:16, Judg 1:27, 1 Kgs 4:12, 1 Chr 7:29	
Beth-shemesh	Beth-shemesh	31.752748	34.976609	Josh 15:10, Josh 21:16, 1 Sam 6:9, 1 Sam 6:12, 1 Sam 6:13, 1 Sam 6:14, 1 Sam 6:15, 1 Sam 6:18, 1 Sam 6:19, 1 Sam 6:20, 1 Kgs 4:9, 2 Kgs 14:11, 2 Kgs 14:13, 1 Chr 6:59, 2 Chr 25:21, 2 Chr 25:23, 2 Chr 28:18, Josh 19:41, Judg 1:35	
Beth-shemesh (2)	Beth-shemesh (2)	32.40643	35.504628	Josh 19:22	~
Beth-shittah	Beth-shittah	32.552496	35.438257	Judg 7:22	
Beth-tappuah	Beth-tappuah	31.52973	35.050377	Josh 15:53	
Beth-zur	Beth-zur	31.596107	35.10262	Josh 15:58, 2 Chr 11:7, Neh 3:16	
Betonim	Betonim	32.0105	35.706297	Josh 13:26	
Betsaida	Betsaida	32.907848	35.626973	Matt 11:21, Mark 6:45, Mark 8:22, Luke 9:10, Luke 10:13, John 1:44, John 12:21	
Bezek	Bezek	31.898029	34.952878	Judg 1:4, Judg 1:5	~
Bezek (2)	Bezek (2)	32.3667	35.4	1 Sam 11:8	
Bezer	Bezer	32.516137	36.488291	Deut 4:43, Josh 20:8, Josh 21:36, 1 Chr 6:78, Jer 48:24	
Bozez	Bozez	31.857165	35.287147	1 Sam 14:4	
Bozrah	Bozrah	30.734691	35.60625	Gen 36:33, 1 Chr 1:44, Isa 34:6, Isa 63:1, Jer 49:13, Jer 49:22, Amos 1:12	
Cabul	Cabul	32.865661	35.211814	Josh 19:27	
Cades (2)	Cades (2)	34.558327	36.522943	2 Sam 24:6	
Cades-barnea	Cades-barnea	30.687713	34.494796	Gen 14:7, Gen 16:14, Gen 20:1, Num 13:26, Num 20:1, Num 20:14, Num 20:16, Num 20:22, Num 27:14, Num 33:36, Num 33:37, Deut 1:46, Judg 11:16, Judg 11:17, Ps 29:8, Num 32:8, Num 34:4, Deut 1:2, Deut 1:19, Deut 2:14	
Caesarea	Caesarea	32.499545	34.892185	Acts 8:40, Acts 9:30, Acts 10:1, Acts 10:24, Acts 11:11, Acts 12:19, Acts 18:22, Acts 21:8, Acts 21:16, Acts 23:23, Acts 23:33, Acts 25:1, Acts 25:4, Acts 25:6, Acts 25:13	
Caesarea Filipos	Caesarea Filipos	33.24806	35.694637	Matt 16:13, Mark 8:27	
Calah	Calah	36.142884	43.312178	Gen 10:11, Gen 10:12	?
Calneh	Calneh	32.127213	45.229995	Gen 10:10, Amos 6:2, Isa 10:9, Ezek 27:23	
Caná	Caná	32.747015	35.338772	John 2:1, John 2:11, John 4:46, John 21:2, Josh 19:28	
Capernaúm	Capernaúm	32.880594	35.575158	Matt 4:13, Matt 8:5, Matt 11:23, Matt 17:24, Mark 1:21, Mark 2:1, Mark 9:33, Luke 4:23, Luke 4:31, Luke 7:1, Luke 10:15, John 2:12, John 4:46, John 6:17, John 6:24, John 6:59	
Carchemish	Carchemish	36.829282	38.015761	2 Chr 35:20, Isa 10:9, Jer 46:2	
Carmelo	Carmelo	31.433332	35.133332	Josh 12:22, Josh 15:55, Josh 19:26, 1 Sam 15:12, 1 Sam 25:2, 1 Sam 25:5, 1 Sam 25:7, 1 Sam 25:40, 1 Sam 27:3, 1 Sam 30:5, 2 Sam 2:2, 2 Sam 3:3, 2 Sam 23:35, 1 Chr 11:37, Sng 7:5, Isa 33:9, Isa 35:2, Jer 46:18, Jer 50:19, Amos 1:2	
Cauda	Cauda	34.84351	24.091671	Acts 27:16	island; now Gavdos; http://www.creteisland.gr/english/chania/selino/gavdos/
Cedrón	Cedrón	31.772134	35.236596	2 Sam 15:23, 1 Kgs 2:37, 1 Kgs 15:13, 2 Kgs 23:4, 2 Kgs 23:6, 2 Kgs 23:12, 2 Chr 15:16, 2 Chr 29:16, Jer 31:40, 2 Chr 30:14, John 18:1, Joel 3:2, Joel 3:12	
Cencrea	Cencrea	37.884604	22.99336	Acts 18:18, Rom 16:1	
Chebar	Chebar	33.159129	44.06293	Ezek 1:1, Ezek 1:3, Ezek 3:15, Ezek 3:23, Ezek 10:15, Ezek 10:20, Ezek 10:22, Ezek 43:3	~; now Nehardea; http://www.hebrewhistory.info/factpapers/fp031_iraq.htm
Chephar-ammoni	Chephar-ammoni	31.966667	35.25	Josh 18:24	?; now Khirbat Kafr Ana
Chephirah	Chephirah	31.836401	35.095272	Josh 9:17, Josh 18:26, Ezra 2:25, Neh 7:29	now Kirbat el Kafira
Chesalon	Chesalon	31.781049	35.05113	Josh 15:10	
Chesulloth	Chesulloth	32.683231	35.324694	Josh 19:18, Josh 19:12, 1 Chr 6:77	
Chios	Chios	38.44484	26.063302	Acts 20:15	now Chios
Chipre	Chipre	35.018306	33.207693	Isa 23:1, Isa 23:12, Jer 2:10, Ezek 27:6, Acts 4:36, Acts 11:19, Acts 11:20, Acts 13:4, Acts 15:39, Acts 21:3, Acts 21:16, Acts 27:4, Ezek 27:7, Num 24:24, Dan 11:30	island
Cnido	Cnido	36.685023	27.374394	Acts 27:7	
Colossae	Colossae	37.783333	29.25	Col 1:2	
Corinto	Corinto	37.905957	22.877882	Acts 18:1, Acts 19:1, 1 Cor 1:2, 2 Cor 1:1, 2 Cor 1:23, 2 Tim 4:20	
Corozaín	Corozaín	32.909092	35.552923	Matt 11:21, Luke 10:13	
Cos	Cos	36.80467	27.08994	Acts 21:1	
Creta	Creta	35.171239	25.007204	Deut 2:23, Jer 47:4, Amos 9:7, Acts 27:7, Acts 27:12, Acts 27:13, Acts 27:21, Titus 1:5	http://en.wikipedia.org/wiki/Caphtor
Cuth	Cuth	32.733333	44.666667	2 Kgs 17:30, 2 Kgs 17:24	http://en.wikipedia.org/wiki/Kutha
Cyrene	Cyrene	32.824979	21.858301	Matt 27:32, Mark 15:21, Luke 23:26, Acts 2:10, Acts 11:20, Acts 13:1	http://en.wikipedia.org/wiki/Cyrene%2C_Libya
Dabbesheth	Dabbesheth	33	35.266682	Josh 19:11	
Daberath	Daberath	32.691713	35.37171	Josh 19:12, Josh 21:28, 1 Chr 6:72	
Damasco	Damasco	33.519299	36.31345	Gen 14:15, Gen 15:2, 2 Sam 8:5, 2 Sam 8:6, 1 Kgs 11:24, 1 Kgs 15:18, 1 Kgs 19:15, 1 Kgs 20:34, 2 Kgs 5:12, 2 Kgs 8:7, 2 Kgs 8:9, 2 Kgs 14:28, 2 Kgs 16:9, 2 Kgs 16:10, 2 Kgs 16:11, 2 Kgs 16:12, 1 Chr 18:5, 1 Chr 18:6, 2 Chr 16:2, 2 Chr 24:23	
Dan	Dan	33.24866	35.652483	Gen 14:14, Josh 19:47, Judg 18:29, Judg 20:1, 1 Sam 3:20, 2 Sam 3:10, 2 Sam 17:11, 2 Sam 24:2, 2 Sam 24:6, 2 Sam 24:15, 1 Kgs 4:25, 1 Kgs 12:29, 1 Kgs 12:30, 1 Kgs 15:20, 2 Kgs 10:29, 1 Chr 21:2, 2 Chr 16:4, 2 Chr 30:5, Jer 4:15, Jer 8:16	
Dannah	Dannah	31.561025	34.975472	Josh 15:49	
Debir (cerca de Jerusalén)	Debir (cerca de Jerusalén)	31.816662	35.349994	Josh 15:7	now Ed Dhaherie
Debir (Quiriat-séfer)	Debir (Quiriat-séfer)	31.41667	34.96667	Josh 10:38, Josh 10:39, Josh 11:21, Josh 12:13, Josh 15:15, Josh 15:49, Josh 21:15, Judg 1:11, 1 Chr 6:58, Josh 15:16, Judg 1:12	
Dedán	Dedán	26.625139	37.919663	Jer 25:23, Jer 49:8, Ezek 25:13, Ezek 27:15, Ezek 27:20, Ezek 38:13	http://en.wikipedia.org/wiki/Al-%27Ula
Derbe	Derbe	37.35092	33.271418	Acts 14:6, Acts 14:20, Acts 16:1, Acts 20:4	
Dibon	Dibon	31.496845	35.782841	Num 33:46, Num 33:47, Jer 48:22, Num 21:30, Num 32:3, Num 32:34, Josh 13:9, Josh 13:17, Isa 15:2, Isa 15:9, Jer 48:18, Num 33:45	
Dimnah	Dimnah	32.781808	35.321364	Josh 21:35, Josh 19:13, 1 Chr 6:77	
Dizahab	Dizahab	28.507836	34.516339	Deut 1:1	
Dor	Dor	32.613236	34.918897	Josh 12:23, Josh 17:11, Judg 1:27, 1 Chr 7:29, 1 Kgs 4:11, Josh 11:2	
Dothan	Dothan	32.420643	35.180198	Gen 37:17, 2 Kgs 6:13	
Dumah	Dumah	31.43827	34.982762	Josh 15:52	
Ebez	Ebez	32.261621	35.328129	Josh 19:20	now Al-Bathan
Ecbatana	Ecbatana	34.798311	48.514966	Ezra 6:2	
Edrei	Edrei	32.624137	36.098997	Num 21:33, Deut 1:4, Deut 3:1, Deut 3:10, Josh 12:4, Josh 13:12, Josh 13:31, Josh 19:37	
Éfeso	Éfeso	37.953314	27.367825	Acts 18:19, Acts 18:21, Acts 18:24, Acts 19:1, Acts 19:17, Acts 19:26, Acts 19:35, Acts 20:16, Acts 20:17, 1 Cor 15:32, 1 Cor 16:8, Eph 1:1, 1 Tim 1:3, 2 Tim 1:18, 2 Tim 4:12, Rev 1:11, Rev 2:1	
Eglon	Eglon	31.5	34.7667	Josh 10:3, Josh 10:5, Josh 10:23, Josh 10:34, Josh 10:36, Josh 10:37, Josh 12:12, Josh 15:39	
Ekron	Ekron	31.777614	34.852146	Josh 13:3, Josh 15:11, Josh 15:45, Josh 15:46, Josh 19:43, Judg 1:18, 1 Sam 5:10, 1 Sam 6:16, 1 Sam 6:17, 1 Sam 7:14, 1 Sam 17:52, 2 Kgs 1:2, 2 Kgs 1:3, 2 Kgs 1:6, 2 Kgs 1:16, Jer 25:20, Amos 1:8, Zeph 2:4, Zech 9:5, Zech 9:7	
Elath	Elath	29.528502	35.005732	Deut 2:8, 2 Kgs 14:22, 2 Kgs 16:6, 1 Kgs 9:26, 2 Chr 8:17, 2 Chr 26:2	
Elealeh	Elealeh	31.813796	35.824275	Num 32:3, Num 32:37, Isa 15:4, Isa 16:9, Jer 48:34	
Elim	Elim	29.306194	32.980924	Ex 15:27, Ex 16:1, Num 33:9, Num 33:10	~
Elon	Elon	31.973818	35.116531	Josh 19:43	
Elonbeth-hanan	Elonbeth-hanan	31.852593	35.109078	1 Kgs 4:9	
Eltekeh	Eltekeh	31.869521	35.06688	Josh 21:23, Josh 19:44	
Eltekon	Eltekon	31.66057	34.995406	Josh 15:59	from tyndale
Emaús	Emaús	31.83945	34.989529	Luke 24:13	
En-dor	En-dor	32.6257	35.385667	Josh 17:11, 1 Sam 28:7, Ps 83:10	
En-gannim	En-gannim	31.75	34.950106	Josh 15:34	~
En-gannim (2)	En-gannim (2)	32.463499	35.303683	1 Chr 6:73, Josh 19:21, Josh 21:29	
En-haddah	En-haddah	32.478425	35.254452	Josh 19:21	
En-hazor	En-hazor	33.1	35.35	Josh 19:37	~
En-rogel	En-rogel	31.767775	35.234408	Josh 15:7, Josh 18:16, 2 Sam 17:17, 1 Kgs 1:9	
En-shemesh	En-shemesh	31.77402	35.270231	Josh 15:7, Josh 18:17	
Engedi	Engedi	31.461525	35.392411	Josh 15:62, 1 Sam 23:29, 1 Sam 24:1, 2 Chr 20:2, Sng 1:14, Ezek 47:10, Gen 14:7	
Ephes-dammim	Ephes-dammim	31.691186	34.944496	1 Sam 17:1, 1 Chr 11:13	
Erec	Erec	32.322222	45.636111	Gen 10:10, Ezra 4:9	now Uruk
Eshan	Eshan	31.420175	35.033537	Josh 15:52	
Eshtaol	Eshtaol	31.782429	35.009012	Josh 15:33, Josh 19:41, Judg 13:25, Judg 16:31, Judg 18:2, Judg 18:8, Judg 18:11	
Esmirna	Esmirna	38.45196	27.161921	Rev 1:11, Rev 2:8	
Etam	Etam	31.736294	35.05485	Judg 15:8, Judg 15:11	http://www.tiuli.com/english/Judean_Mountains/Judean_Mountains.asp
Etam (3)	Etam (3)	31.686465	35.17474	2 Chr 11:6	now Khirbet el Khokh; palestine-family.net/index.php?nav=8-18&cid=17&did=193
Etham	Etham	30.467511	32.282767	Ex 13:20, Num 33:6, Num 33:7, Num 33:8	~
Éufrates	Éufrates	35.090577	40.42778	Gen 2:14, Gen 15:18, Gen 31:21, Gen 36:37, Ex 23:31, Deut 1:7, Deut 11:24, Josh 1:4, Josh 24:2, 2 Sam 8:3, 2 Sam 10:16, 1 Kgs 4:21, 1 Kgs 4:24, 1 Kgs 14:15, 2 Kgs 23:29, 2 Kgs 24:7, 1 Chr 1:48, 1 Chr 5:9, 1 Chr 18:3, 1 Chr 19:16	river
Ezion-geber	Ezion-geber	29.758043	35.030602	Num 33:35, Num 33:36, Deut 2:8, 1 Kgs 9:26, 1 Kgs 22:48, 2 Chr 8:17, 2 Chr 20:36	
Fair Havens	Fair Havens	34.921384	24.731141	Acts 27:8	
Filadelfia	Filadelfia	38.349048	28.519462	Rev 1:11, Rev 3:7	
Filipos	Filipos	41.011959	24.286191	Acts 16:12, Acts 20:6, Phil 1:1, 1 Thes 2:2	
Forum de Appius	Forum de Appius	41.468706	12.993929	Acts 28:15	http://gnswww.nga.mil/geonames/Gazetteer/Search/Results.jsp?Feature__Unique_Feature_ID=-117178&Diacritics=Yes&reload=1
Gabaa	Gabaa	31.823781	35.231009	Josh 18:28, Josh 24:33, Judg 19:12, Judg 19:13, Judg 19:14, Judg 19:15, Judg 19:16, Judg 20:4, Judg 20:5, Judg 20:9, Judg 20:10, Judg 20:13, Judg 20:14, Judg 20:15, Judg 20:19, Judg 20:20, Judg 20:21, Judg 20:25, Judg 20:29, Judg 20:30	
Gabaón	Gabaón	31.846848	35.184912	Ezek 20:29, 2 Sam 5:25, Josh 9:3, Josh 9:17, Josh 10:1, Josh 10:2, Josh 10:4, Josh 10:5, Josh 10:6, Josh 10:10, Josh 10:12, Josh 10:41, Josh 11:19, Josh 18:25, Josh 21:17, 2 Sam 2:12, 2 Sam 2:13, 2 Sam 2:16, 2 Sam 2:24, 2 Sam 3:30	
Gallim	Gallim	31.816667	35.25	1 Sam 25:44, Isa 10:30	~; from tyndale
Gath	Gath	31.69353	34.843883	Josh 11:22, Josh 13:3, 1 Sam 5:8, 1 Sam 6:17, 1 Sam 7:14, 1 Sam 17:4, 1 Sam 17:23, 1 Sam 17:52, 1 Sam 21:10, 1 Sam 21:12, 1 Sam 27:2, 1 Sam 27:3, 1 Sam 27:4, 1 Sam 27:11, 2 Sam 1:20, 2 Sam 15:18, 2 Sam 21:20, 2 Sam 21:22, 1 Kgs 2:39, 1 Kgs 2:40	
Gath-hepher	Gath-hepher	32.739185	35.328227	Josh 19:13, 2 Kgs 14:25	
Gath-rimmon	Gath-rimmon	32.069722	34.883056	Josh 19:45, Josh 21:24, 1 Chr 6:69	
Gaza	Gaza	31.524818	34.433365	1 Chr 7:28, Gen 10:19, Deut 2:23, Josh 10:41, Josh 11:22, Josh 13:3, Josh 15:47, Judg 1:18, Judg 6:4, Judg 16:1, Judg 16:21, 1 Sam 6:17, 1 Kgs 4:24, 2 Kgs 18:8, Jer 25:20, Jer 47:1, Jer 47:5, Amos 1:6, Amos 1:7, Zeph 2:4	
Geba	Geba	31.857878	35.259755	Josh 18:24, Josh 21:17, 1 Sam 13:3, 1 Sam 13:16, 1 Sam 14:5, 1 Kgs 15:22, 2 Kgs 23:8, 1 Chr 6:60, 1 Chr 8:6, 2 Chr 16:6, Ezra 2:26, Neh 7:30, Neh 11:31, Neh 12:29, Isa 10:29, Zech 14:10	
Gebal	Gebal	34.119104	35.646142	1 Kgs 5:18, Ps 83:7, Ezek 27:9	
Gebim	Gebim	31.8	35.25	Isa 10:31	~
Gederah	Gederah	31.823337	34.777779	Josh 15:36, 1 Chr 4:23, 1 Chr 12:4	
Gedor	Gedor	31.63333	35.083333	Josh 12:13, Josh 15:58, 1 Chr 12:7	
Genesaret	Genesaret	32.859359	35.509937	Matt 14:34, Mark 6:53, Luke 5:1	
Gerar	Gerar	31.391291	34.56057	Gen 10:19, Gen 20:1, Gen 20:2, Gen 26:1, Gen 26:6, Gen 26:20, Gen 26:26, 2 Chr 14:13, 2 Chr 14:14, Gen 26:17	
Geshur	Geshur	33	36.41667	Josh 13:13, 2 Sam 3:3, 2 Sam 13:37, 2 Sam 13:38, 2 Sam 14:23, 2 Sam 14:32, 2 Sam 15:8, 1 Chr 2:23, 1 Chr 3:2	~; now Leja
Gezer	Gezer	31.876111	34.9225	Josh 10:33, Josh 12:12, Josh 16:3, Josh 16:10, Josh 21:21, Judg 1:29, 2 Sam 5:25, 1 Kgs 9:15, 1 Kgs 9:16, 1 Kgs 9:17, 1 Chr 6:67, 1 Chr 7:28, 1 Chr 14:16, 1 Chr 20:4, 2 Sam 21:18, 2 Sam 21:19	
Gibbethon	Gibbethon	31.976623	35.004896	Josh 19:44, Josh 21:23, 1 Kgs 15:27, 1 Kgs 16:15, 1 Kgs 16:17	now Qibya
Gihon (2)	Gihon (2)	31.773116	35.237186	1 Kgs 1:33, 1 Kgs 1:38, 1 Kgs 1:45, 2 Chr 32:30, 2 Chr 33:14	
Gilboa	Gilboa	32.516667	35.4	1 Sam 28:4, 2 Sam 1:21, 2 Sam 21:12	
Gilgal (cerca de Betel)	Gilgal (cerca de Betel)	32.029737	35.222604	2 Kgs 2:1, 2 Kgs 4:38	
Gilgal (cerca de Jericó)	Gilgal (cerca de Jericó)	31.863783	35.518547	Neh 12:29, Josh 18:17, Josh 5:3, Deut 11:30, Josh 4:19, Josh 4:20, Josh 5:9, Josh 5:10, Josh 9:6, Josh 10:6, Josh 10:7, Josh 10:9, Josh 10:15, Josh 10:43, Josh 14:6, Josh 15:7, Judg 2:1, Judg 3:19, 1 Sam 7:16, 1 Sam 10:8	from tyndale
Giloh	Giloh	31.616667	35.083333	2 Sam 23:34, Josh 15:51, 2 Sam 15:12	~
Gimzo	Gimzo	31.928659	34.943219	2 Chr 28:18	
Golan	Golan	32.800076	35.937301	Deut 4:43, Josh 20:8, Josh 21:27, 1 Chr 6:71	
Gomorra	Gomorra	31.157249	35.473954	Gen 10:19, Gen 13:10, Gen 14:2, Gen 14:8, Gen 14:10, Gen 14:11, Gen 18:20, Gen 19:24, Gen 19:28, Deut 29:23, Deut 32:32, Isa 1:9, Isa 1:10, Isa 13:19, Jer 23:14, Jer 49:18, Jer 50:40, Amos 4:11, Zeph 2:9, Matt 10:15	
Goshen	Goshen	30.728502	31.804692	Gen 45:10, Gen 46:28, Gen 46:29, Gen 46:34, Gen 47:1, Gen 47:4, Gen 47:6, Gen 47:27, Gen 50:8, Ex 8:22, Ex 9:26	
Goshen (2)	Goshen (2)	31.45	34.916667	Josh 10:41, Josh 11:16, Josh 15:51	~; from harper
Gozan	Gozan	36.840013	40.06889	2 Kgs 17:6, 2 Kgs 18:11, 2 Kgs 19:12, 1 Chr 5:26, Isa 37:12	from harper
Habor	Habor	36.344972	40.789333	2 Kgs 17:6, 2 Kgs 18:11, 1 Chr 5:26	river
Hachilah	Hachilah	31.466604	35.216691	1 Sam 23:19, 1 Sam 26:1, 1 Sam 26:3	?; now Zahrat al Kula
Hadad-rimmon	Hadad-rimmon	32.524106	35.205136	Zech 12:11	now Rommanah
Hadashah	Hadashah	31.679512	34.695903	Josh 15:37	now Ibdis
Hadid	Hadid	31.963575	34.952536	Neh 11:34	
Haeleph	Haeleph	31.792733	35.196862	Josh 18:28	now Lifta
Hai	Hai	31.916978	35.261226	Gen 12:8, Gen 13:3, Josh 7:2, Josh 7:3, Josh 7:4, Josh 7:5, Josh 8:1, Josh 8:2, Josh 8:3, Josh 8:9, Josh 8:10, Josh 8:11, Josh 8:12, Josh 8:14, Josh 8:17, Josh 8:18, Josh 8:20, Josh 8:21, Josh 8:23, Josh 8:24	
Halhul	Halhul	31.579549	35.099103	Josh 15:58	
Hamath	Hamath	35.136204	36.749488	2 Sam 8:9, 2 Kgs 14:28, 2 Kgs 17:24, 2 Kgs 17:30, 2 Kgs 18:34, 2 Kgs 19:13, 2 Kgs 23:33, 2 Kgs 25:21, 1 Chr 18:9, 2 Chr 8:4, Isa 10:9, Isa 11:11, Isa 36:19, Isa 37:13, Jer 39:5, Jer 49:23, Jer 52:9, Jer 52:27, Ezek 47:16, Ezek 47:17	
Hammath	Hammath	33.125828	35.165	Josh 19:35, 1 Chr 2:55, Josh 19:28, 1 Chr 6:76, Josh 21:32	
Hanes	Hanes	29.085425	30.934402	Isa 30:4	http://www.digitalegypt.ucl.ac.uk/ehnasya/index.html
Hannathon	Hannathon	32.916002	35.426637	Josh 19:14	
Harán	Harán	36.863864	39.032197	Gen 11:31, Gen 11:32, Gen 12:4, Gen 12:5, Gen 27:43, Gen 28:10, Gen 29:4, 2 Kgs 19:12, Isa 37:12, Ezek 27:23, Acts 7:2, Acts 7:4	
Harod	Harod	32.549638	35.355647	Judg 7:1, 2 Sam 23:25, 1 Chr 11:27	now Ein Harod
Harosheth-hagoyim	Harosheth-hagoyim	32.691177	35.110039	Judg 4:2, Judg 4:13, Judg 4:16	
Hazar-enan	Hazar-enan	34.229499	37.240077	Num 34:9, Num 34:10, Ezek 47:17, Ezek 48:1	now Al Qaryatayn
Hazar-shual	Hazar-shual	31.215418	34.942986	Josh 15:28, Josh 19:3, 1 Chr 4:28, Neh 11:27	
Hazeroth	Hazeroth	28.916667	34.5	Num 11:35, Num 12:16, Num 33:17, Num 33:18, Deut 1:1	~
Hazor	Hazor	33.017182	35.568049	Josh 11:1, Josh 11:10, Josh 11:11, Josh 11:13, Josh 12:19, Josh 19:36, Judg 4:2, Judg 4:17, 1 Sam 12:9, 1 Kgs 9:15, 2 Kgs 15:29, Josh 15:3	
Hebrón	Hebrón	31.535774	35.0941	Gen 13:18, Gen 23:2, Gen 23:19, Gen 35:27, Num 13:22, Josh 10:3, Josh 10:5, Josh 10:23, Josh 10:36, Josh 10:39, Josh 11:21, Josh 12:10, Josh 14:13, Josh 14:14, Josh 14:15, Josh 15:13, Josh 15:54, Josh 20:7, Josh 21:11, Josh 21:13	
Helbon	Helbon	33.664912	36.248576	Ezek 27:18	now Halbon
Heleph	Heleph	33.134416	35.332157	Josh 19:33	
Helkath	Helkath	32.955448	35.211971	Josh 19:25, Josh 21:31, 1 Chr 6:75	
Helkath-hazzurim	Helkath-hazzurim	31.880126	35.280188	2 Sam 2:16	
Hena	Hena	34.467725	41.964955	2 Kgs 18:34, 2 Kgs 19:13, Isa 37:13	
Hepher	Hepher	32.3667	34.8833	Josh 12:17, 1 Kgs 4:10	
Hereth	Hereth	31.621492	35.029273	1 Sam 22:5	
Heshbon	Heshbon	31.80052	35.809019	Num 21:25, Num 21:26, Num 21:27, Num 21:28, Num 21:30, Num 21:34, Num 32:3, Num 32:37, Deut 1:4, Deut 2:24, Deut 2:26, Deut 2:30, Deut 3:2, Deut 3:6, Deut 4:46, Deut 29:7, Josh 9:10, Josh 12:2, Josh 12:5, Josh 13:10	
Hethlon	Hethlon	34.73799	36.340918	Ezek 47:15, Ezek 48:1	~
Hierapolis	Hierapolis	37.924517	29.124525	Col 4:13	
Hobah	Hobah	33.5	36.466667	Gen 14:15	
Holon	Holon	31.583333	34.95	1 Chr 6:58, Josh 15:51, Josh 21:15	~
Horem	Horem	33.166667	35.433333	Josh 19:38	~
Horesh	Horesh	31.451139	35.088403	1 Sam 23:15, 1 Sam 23:16, 1 Sam 23:18, 1 Sam 23:19	
Horonaim	Horonaim	31.288056	35.515	Isa 15:5, Jer 48:3, Jer 48:5, Jer 48:34	~
Hosah	Hosah	32.178502	35.22758	Josh 19:29	
Hukkok	Hukkok	32.882153	35.496694	Josh 19:34	
Ibleam	Ibleam	32.45	35.2833	1 Chr 6:70, Josh 21:25, Josh 17:11, Judg 1:27, 2 Kgs 9:27, 2 Kgs 15:10	
Iconio	Iconio	37.88353	32.494263	Acts 13:51, Acts 14:1, Acts 14:19, Acts 14:21, Acts 16:2, 2 Tim 3:11	
Idalah	Idalah	32.733333	35.166667	Josh 19:15	
Ijon	Ijon	33.328044	35.611875	1 Kgs 15:20, 2 Kgs 15:29, 2 Chr 16:4	
Irpeel	Irpeel	31.869343	35.197712	Josh 18:27	
Ithlah	Ithlah	31.823593	35.075769	Josh 19:42	Now Bayt Thul
Jabesh-gilead	Jabesh-gilead	32.379822	35.611587	1 Sam 11:1, 1 Sam 11:3, 1 Sam 11:5, 1 Sam 11:9, 1 Sam 11:10, 1 Sam 31:12, 1 Sam 31:13, 1 Chr 10:12, Judg 21:8, Judg 21:9, Judg 21:10, Judg 21:12, Judg 21:14, 1 Sam 31:11, 2 Sam 2:4, 2 Sam 2:5, 2 Sam 21:12, 1 Chr 10:11	
Jabneel	Jabneel	31.865518	34.746856	Josh 15:11, 2 Chr 26:6	now Yavneh
Jabneel (2)	Jabneel (2)	32.7	35.5	Josh 19:33	now Yavneel
Jaboc	Jaboc	32.193237	35.676305	Gen 32:22, Num 21:24, Deut 2:37, Deut 3:16, Josh 12:2, Judg 11:13, Judg 11:22	
Jahaz	Jahaz	31.501003	35.920631	Num 21:23, Deut 2:32, Josh 13:18, Josh 21:36, Judg 11:20, Isa 15:4, Jer 48:34, 1 Chr 6:78, Jer 48:21	
Janim	Janim	31.516667	35.166667	Josh 15:53	now Bani Naim
Janoah	Janoah	33.260246	35.302915	Josh 16:6, Josh 16:7	now Yanouh
Janoah (2)	Janoah (2)	32.155895	35.361606	2 Kgs 15:29	
Japhia	Japhia	32.691633	35.274955	Josh 19:12	now Yafa
Jarmuth	Jarmuth	31.709269	34.969954	Josh 10:3, Josh 10:5, Josh 10:23, Josh 12:11, Josh 15:35, Neh 11:29	
Jattir	Jattir	31.401439	35.069413	Josh 15:48, Josh 21:14, 1 Sam 30:27, 1 Chr 6:57	
Jazer	Jazer	31.94353	35.72777	Num 21:32, Num 32:1, Num 32:3, Num 32:35, Josh 13:25, Josh 21:39, 2 Sam 24:5, 1 Chr 6:81, 1 Chr 26:31, Isa 16:8, Isa 16:9, Jer 48:32	
Jehud	Jehud	32.033636	34.889599	Josh 19:45	now Yehud
Jericó	Jericó	31.870601	35.443864	Num 22:1, Num 26:3, Num 26:63, Num 31:12, Num 33:48, Num 33:50, Num 34:15, Num 35:1, Num 36:13, Deut 32:49, Deut 34:1, Josh 2:1, Josh 2:2, Josh 2:3, Josh 3:16, Josh 4:13, Josh 4:19, Josh 5:10, Josh 5:13, Josh 6:1	
Jerusalén	Jerusalén	31.777444	35.234935	Isa 29:1, Isa 29:2, Isa 29:7, Isa 60:14, Josh 18:28, Judg 19:10, Judg 19:11, 1 Chr 11:4, 1 Chr 11:5, Josh 15:8, Josh 10:1, Josh 10:3, Josh 10:5, Josh 10:23, Josh 12:10, Josh 15:63, Judg 1:7, Judg 1:8, Judg 1:21, 1 Sam 17:54	
Jeshanah	Jeshanah	31.980029	35.229709	2 Chr 13:19	now Ein Sinya
Jezreel (2)	Jezreel (2)	32.555963	35.330789	Josh 19:18, 2 Sam 2:9, 1 Kgs 18:45, 1 Kgs 18:46, 1 Kgs 21:1, 2 Kgs 8:29, 2 Kgs 9:15, 2 Kgs 9:16, 2 Kgs 9:17, 2 Kgs 9:30, 2 Kgs 9:36, 2 Kgs 9:37, 2 Kgs 10:11, Hos 1:4, Hos 1:11, 1 Kgs 4:12, 1 Kgs 21:23, 2 Kgs 9:10, 2 Kgs 10:6, 2 Kgs 10:7	
Jogbehah	Jogbehah	32.028743	35.862887	Num 32:35, Judg 8:11	
Jokneam	Jokneam	32.664546	35.108918	1 Kgs 4:12, Josh 12:22, Josh 19:11, Josh 21:34	
Jope	Jope	32.05352	34.750426	Josh 19:46, 2 Chr 2:16, Ezra 3:7, Jonah 1:3, Acts 9:36, Acts 9:38, Acts 9:42, Acts 9:43, Acts 10:5, Acts 10:8, Acts 10:23, Acts 10:32, Acts 11:5, Acts 11:13	
Juttah	Juttah	31.45	35.083333	Josh 15:55, Josh 21:16	~; now Yatta
Kain	Kain	31.5	35.166667	Num 24:22, Josh 15:57	now Yaqin
Kanah	Kanah	32.138219	35.038971	Josh 16:8, Josh 17:9	
Kedemoth	Kedemoth	31.646073	35.894537	Deut 2:26, Josh 13:18, Josh 21:37, 1 Chr 6:79	~; esv map
Kedesh	Kedesh	33.112984	35.533613	Josh 12:22, Josh 19:37, Josh 20:7, Josh 21:32, Judg 4:9, Judg 4:10, Judg 4:11, 2 Kgs 15:29, 1 Chr 6:76, Judg 4:6	
Keilah	Keilah	31.614175	35.002752	Josh 15:44, 1 Sam 23:1, 1 Sam 23:2, 1 Sam 23:3, 1 Sam 23:4, 1 Sam 23:5, 1 Sam 23:6, 1 Sam 23:7, 1 Sam 23:8, 1 Sam 23:10, 1 Sam 23:11, 1 Sam 23:12, 1 Sam 23:13, Neh 3:17, Neh 3:18	now Khirbet Qila
Kenath	Kenath	32.756919	36.6164	Num 32:42, 1 Chr 2:23, Judg 8:11, Num 21:30	
Kibzaim	Kibzaim	31.833333	35.3	1 Chr 6:68, Josh 21:22	~; now Kabus
Kir	Kir	31.181326	35.702148	2 Kgs 16:9, Isa 15:1, Isa 22:6, Amos 1:5, Amos 9:7, 2 Kgs 3:25, Isa 16:7, Isa 16:11, Jer 48:31, Jer 48:36, 1 Sam 22:3	
Kiriathaim	Kiriathaim	31.583333	35.7	Jer 48:24, Amos 2:2, Num 32:37, Josh 13:19, Jer 48:1, Jer 48:23, Ezek 25:9	
Kishion	Kishion	32.559061	35.246206	1 Chr 6:72, Josh 19:20, Josh 21:28	~
Kishon	Kishon	32.761948	35.064096	Judg 4:7, Judg 4:13, Judg 5:21, 1 Kgs 18:40, Ps 83:9	river
Kitron	Kitron	32.753141	35.279335	Josh 21:34, Josh 19:15, Judg 1:30	
Lahmam	Lahmam	31.566667	34.9	Josh 15:40	~
Laishah	Laishah	31.8	35.25	Isa 10:30	now Isawiya
Laodicea	Laodicea	37.769867	29.064501	Col 2:1, Col 4:13, Col 4:15, Col 4:16, Rev 1:11, Rev 3:14	
Laquis	Laquis	31.564851	34.846726	Josh 10:3, Josh 10:5, Josh 10:23, Josh 10:31, Josh 10:32, Josh 10:33, Josh 10:34, Josh 10:35, Josh 12:11, Josh 15:39, 2 Kgs 14:19, 2 Kgs 18:14, 2 Kgs 18:17, 2 Kgs 19:8, 2 Chr 11:9, 2 Chr 25:27, 2 Chr 32:9, Neh 11:30, Isa 36:2, Isa 37:8	
Lasea	Lasea	34.934917	24.809199	Acts 27:8	
Lasha	Lasha	31.718148	35.584826	Gen 10:19, Num 21:19	http://www.christusrex.org/www1/ofm/mad/sections/section3.html
Lasharon	Lasharon	32.72544	35.467002	Josh 12:18	now Sharona
Lebonah	Lebonah	32.07077	35.239871	Judg 21:19	now al-Lubban
Listra	Listra	37.578135	32.453183	Acts 14:6, Acts 14:8, Acts 14:21, Acts 16:1, Acts 16:2, 2 Tim 3:11	
Lo-debar	Lo-debar	32.662488	35.783568	Josh 13:26, 2 Sam 9:4, 2 Sam 9:5, 2 Sam 17:27, Amos 6:13	
Lod	Lod	31.951389	34.895278	1 Chr 8:12, Ezra 2:33, Neh 7:37, Neh 11:35, Isa 66:19, Jer 46:9, Ezek 27:10, Ezek 30:5, Acts 9:32, Acts 9:35, Acts 9:38	
Lower Beth-horon	Lower Beth-horon	31.878926	35.123567	Josh 10:10, Josh 10:11, Josh 18:14, Josh 21:22, 1 Sam 13:18, 1 Chr 6:68, 2 Chr 25:13, Josh 16:3, Josh 18:13, 1 Kgs 9:17, 2 Chr 8:5, 1 Chr 7:24	
Maarath	Maarath	31.621003	35.102328	Josh 15:59	now Bayt Ummar
Machpelah	Machpelah	31.524648	35.110735	Gen 23:9, Gen 23:17, Gen 23:19, Gen 25:9, Gen 49:30, Gen 50:13	
Madmannah	Madmannah	31.391668	34.940502	Josh 19:5, 1 Chr 4:31, Josh 15:31, 1 Chr 2:49	
Madon	Madon	32.799879	35.459506	Josh 11:1, Josh 12:19	
Magadan	Magadan	32.847335	35.522936	Mark 8:10, Matt 15:39	
Mahaneh-dan	Mahaneh-dan	31.758315	34.994252	Judg 13:25, Judg 18:12	~
Makkedah	Makkedah	31.935117	34.781326	Josh 10:10, Josh 10:16, Josh 10:17, Josh 10:21, Josh 10:28, Josh 10:29, Josh 12:16, Josh 15:41	~
Malta	Malta	35.852827	14.532436	Acts 28:1	
Mamre	Mamre	31.549099	35.093561	Gen 23:17, Gen 23:19, Gen 25:9, Gen 35:27, Gen 49:30, Gen 50:13	
Manahath	Manahath	31.752603	35.181972	1 Chr 8:6, Judg 20:43	now Malha
Maon	Maon	31.416667	35.116667	Josh 15:55, 1 Sam 23:24, 1 Sam 23:25, 1 Sam 25:2	
Mar Adriático	Mar Adriático	42.415	16.3735	Acts 27:27	water
Mar de Galilea	Mar de Galilea	32.806776	35.589361	Deut 3:17, Num 34:11, Josh 13:27, Josh 12:3, Matt 4:18, Matt 15:29, Mark 1:16, Mark 7:31, John 6:1, John 21:1	water
Mar Salado	Mar Salado	31.538593	35.482268	Gen 14:3, Num 34:3, Num 34:12, Deut 3:17, Josh 3:16, Josh 12:3, Josh 15:2, Josh 15:5, Josh 18:19, Deut 4:49, 2 Kgs 14:25	water
Marah	Marah	29.35	32.933333	Ex 15:23, Num 33:8, Num 33:9	~
Mareal	Mareal	32.697409	35.241789	Josh 19:11	now Malul
Mareshah	Mareshah	31.603933	34.902378	Josh 15:44, 2 Chr 11:8, 2 Chr 14:9, 2 Chr 14:10, 2 Chr 20:37, Mic 1:15	
Mearah	Mearah	33.633333	35.433333	Josh 13:4	~
Medeba	Medeba	31.720458	35.791972	Num 21:30, Josh 13:9, Josh 13:16, 1 Chr 19:7, Isa 15:2	
Meguido	Meguido	32.584183	35.182292	Rev 16:16, Josh 12:21, Josh 17:11, Judg 1:27, Judg 5:19, 1 Kgs 4:12, 1 Kgs 9:15, 2 Kgs 9:27, 2 Kgs 23:29, 2 Kgs 23:30, 1 Chr 7:29, 2 Chr 35:22, Zech 12:11	
Menfis	Menfis	29.849632	31.253958	Isa 19:13, Jer 2:16, Jer 44:1, Jer 46:14, Jer 46:19, Ezek 30:13, Ezek 30:16, Hos 9:6	http://en.wikipedia.org/wiki/Memphis%2C_Egypt
Mephaath	Mephaath	31.85	35.933333	Josh 13:18, Josh 21:37, 1 Chr 6:79, Jer 48:21	
Merom	Merom	33.075269	35.60548	Josh 11:5, Josh 11:7	lake
Michmash	Michmash	31.870184	35.279236	Ezra 2:27, Neh 7:31, 1 Sam 13:2, 1 Sam 13:5, 1 Sam 13:11, 1 Sam 13:16, 1 Sam 13:23, 1 Sam 14:5, 1 Sam 14:31, Neh 11:31, Isa 10:28	
Michmethath	Michmethath	32.183333	35.283333	Josh 16:6, Josh 17:7	~
Middin	Middin	31.743894	35.401591	Josh 15:61	
Migdal-el	Migdal-el	33.232131	35.362942	Josh 19:38	
Migdal-gad	Migdal-gad	31.666667	34.583333	Josh 15:37	~
Mileto	Mileto	37.5	27.3	Acts 20:15, Acts 20:17, 2 Tim 4:20	
Minnith	Minnith	31.75	35.85	Judg 11:33, Ezek 27:17	~
Misrephoth-maim	Misrephoth-maim	33.118952	35.139434	Josh 11:8, Josh 13:6	now Narouq
Mitylene	Mitylene	39.100336	26.551805	Acts 20:14	
Mizpah (3)	Mizpah (3)	31.832739	35.180163	Matt 27:57, Mark 15:43, Luke 23:50, John 19:38, Judg 20:1, Judg 20:3, Judg 21:1, Judg 21:5, Judg 21:8, 1 Sam 7:5, 1 Sam 7:6, 1 Sam 7:7, 1 Sam 7:11, 1 Sam 7:12, 1 Sam 7:16, 1 Sam 10:17, 1 Kgs 15:22, 2 Kgs 25:23, 2 Kgs 25:25, 2 Chr 16:6	?
Moladah	Moladah	31.162327	35.057114	Josh 15:26, Josh 19:2, 1 Chr 4:28, Neh 11:26	
Monte Carmelo	Monte Carmelo	32.72935	35.04979	1 Kgs 18:19, 1 Kgs 18:20, 1 Kgs 18:42, 2 Kgs 2:25, 2 Kgs 4:25	
Monte de los Olivos	Monte de los Olivos	31.778095	35.247198	Zech 14:4, 2 Sam 15:30, Matt 21:1, Matt 24:3, Matt 26:30, Mark 11:1, Mark 13:3, Mark 14:26, Luke 19:37, Luke 22:39, John 8:1, Luke 19:29, Luke 21:37, Acts 1:12	
Monte Ebal	Monte Ebal	32.232938	35.273042	Deut 11:29, Deut 27:4, Deut 27:13, Josh 8:30, Josh 8:33, Jer 4:15, Judg 9:48, Ps 68:14	?
Monte Gerizim	Monte Gerizim	32.199562	35.272852	Deut 11:29, Deut 27:12, Josh 8:33, Judg 9:7	
Monte Gilboa	Monte Gilboa	32.509841	35.408435	1 Sam 31:1, 1 Sam 31:8, 2 Sam 1:6, 1 Chr 10:1, 1 Chr 10:8, Judg 7:3	
Monte Halak	Monte Halak	30.916667	34.833333	Josh 11:17, Josh 12:7	?; http://www.bibleorigins.net/MountHalakGebelHalaqMap.html
Monte Hermón	Monte Hermón	33.41616	35.857256	Josh 11:17, Josh 12:7, Josh 13:5, Sng 8:11, 1 Chr 5:23, Deut 3:9, Deut 4:48, Josh 11:3, Ps 42:6, Ps 89:12, Ps 133:3, Sng 4:8, Judg 3:3, Deut 3:8, Josh 12:1, Josh 12:5, Josh 13:11, Ezek 27:5, Ps 29:6, Jer 18:14	
Monte Hor	Monte Hor	30.317396	35.407152	Num 20:22, Num 20:23, Num 20:25, Num 20:27, Num 21:4, Num 33:37, Num 33:38, Num 33:39, Num 33:41, Deut 32:50	
Monte Moriah	Monte Moriah	31.777594	35.235251	Gen 22:2, 2 Chr 3:1	
Monte Nebo	Monte Nebo	31.761358	35.746148	Num 27:12, Num 33:47, Num 33:48, Deut 32:49, Jer 22:20, Deut 34:1	
Monte Seir (2)	Monte Seir (2)	31.783333	34.994	Josh 15:10	
Monte Sinaí	Monte Sinaí	28.539722	33.973333	Ex 3:1, Ex 17:6, Deut 1:2, Deut 1:6, Deut 1:19, Deut 4:10, Deut 4:15, Deut 5:2, Deut 9:8, Deut 18:16, Deut 29:1, 1 Kgs 8:9, 1 Kgs 19:8, 2 Chr 5:10, Ps 106:19, Mal 4:4, Ex 33:6, Ex 19:11, Ex 19:18, Ex 19:20	
Monte Tabor	Monte Tabor	32.686956	35.390913	Judg 4:6, Judg 4:12, Judg 4:14, Josh 19:22, Judg 8:18, Ps 89:12, Jer 46:18, Hos 5:1	
Moreh (2)	Moreh (2)	32.617731	35.357376	Judg 7:1	
Mozah	Mozah	31.802641	35.158376	Josh 18:26	~
Myra	Myra	36.230772	30.011459	Acts 27:5	
Naamah	Naamah	31.871782	34.871894	Josh 15:41	
Naaran	Naaran	31.949518	35.45873	Josh 16:7, 1 Chr 7:28	~
Nahalol	Nahalol	32.722209	35.35282	Josh 19:15, Josh 21:35, Judg 1:30	
Naín	Naín	32.630833	35.347827	Luke 7:11	
Nazaret	Nazaret	32.706745	35.301528	Matt 2:23, Matt 4:13, Matt 21:11, Matt 26:71, Mark 1:9, Mark 1:24, Mark 10:47, Mark 16:6, Luke 1:26, Luke 2:4, Luke 2:39, Luke 2:51, Luke 4:16, Luke 4:34, Luke 18:37, Luke 24:19, John 1:45, John 1:46, John 18:5, John 18:7	
Neapolis	Neapolis	40.944132	24.41768	Acts 16:11	
Neballat	Neballat	31.992079	34.957563	Neh 11:34	now Bayt Nabala
Nebo	Nebo	31.748024	35.743257	Num 32:3, Num 32:38, Num 33:47, 1 Chr 5:8, Isa 15:2, Jer 48:1, Jer 48:22	from harper; now El Mekhaiyat
Nebo (2)	Nebo (2)	31.606256	35.037417	Ezra 2:29, Ezra 10:43, Neh 7:33	
Neiel	Neiel	32.894254	35.221877	Josh 19:13, Josh 19:27	~; now Yenin
Nephtoah	Nephtoah	31.683036	35.167987	Josh 15:9, Josh 18:15	~
Netophah	Netophah	31.735465	35.220503	2 Sam 23:28, 2 Sam 23:29, 1 Chr 11:30, 1 Chr 27:13, Ezra 2:22, Neh 7:26	~
Nezib	Nezib	31.58805	34.992389	Josh 15:43	
Nicopolis	Nicopolis	39.024033	20.73573	Titus 3:12	
Nile	Nile	30.092632	31.230987	Gen 41:1, Gen 41:2, Gen 41:3, Gen 41:17, Gen 41:18, Ex 1:22, Ex 4:9, Ex 7:15, Ex 7:17, Ex 7:18, Ex 7:20, Ex 7:21, Ex 7:24, Ex 7:25, Ex 8:3, Ex 8:9, Ex 8:11, Ex 17:5, 1 Chr 13:5, Isa 19:6	
Nimrim	Nimrim	31.133191	35.531138	Isa 15:6, Jer 48:34	from harper; now Numeira
Nínive	Nínive	36.35941	43.152887	Gen 10:11, Gen 10:12, 2 Kgs 19:36, Isa 37:37, Jonah 1:2, Jonah 3:2, Jonah 3:3, Jonah 3:4, Jonah 3:5, Jonah 3:6, Jonah 3:7, Jonah 4:11, Nahum 1:1, Nahum 2:8, Nahum 3:7, Zeph 2:13, Matt 12:41, Luke 11:30, Luke 11:32	Nineveh in KML
Nob	Nob	31.799605	35.23298	1 Sam 21:1, 1 Sam 22:9, 1 Sam 22:11, 1 Sam 22:19, Neh 11:32, Isa 10:32	~
On	On	30.108086	31.33822	Isa 19:18, Jer 43:13, Gen 41:45, Gen 41:50, Gen 46:20, Ezek 30:17	
Ono	Ono	32.022222	34.866667	Neh 6:2, 1 Chr 8:12, Ezra 2:33, Neh 7:37, Neh 11:35	
Ophni	Ophni	31.961989	35.215483	Josh 18:24	
Ophrah	Ophrah	31.95379	35.299136	Mic 1:10, John 11:54, 2 Chr 13:19, Josh 18:23, 1 Sam 13:17	
Ophrah (2)	Ophrah (2)	32.608683	35.288264	Judg 8:2, Josh 19:19, Judg 6:11, Judg 6:24, Judg 8:27, Judg 8:32, Judg 9:5	?
Paphos	Paphos	34.754106	32.400162	Acts 13:6, Acts 13:13	
Parah	Parah	31.833333	35.3	Josh 18:23	~
Patara	Patara	36.274718	29.318638	Acts 21:1	
Patmos	Patmos	37.30752	26.548274	Rev 1:9	
Peniel	Peniel	32.184373	35.70287	Gen 32:30, Gen 32:31, Judg 8:8, Judg 8:9, Judg 8:17, 1 Kgs 12:25	
Perga	Perga	37.005208	30.904946	Acts 13:13, Acts 13:14, Acts 14:25	
Pérgamo	Pérgamo	39.118946	27.165126	Rev 1:11, Rev 2:12	
Pethor	Pethor	36.654616	38.068879	Num 22:5, Deut 23:4	http://www.aushariye.hum.ku.dk/images/large/fig-01.htm
Pharpar	Pharpar	33.379601	36.306085	2 Kgs 5:12	river
Phoenix	Phoenix	35.198886	24.080982	Acts 27:12	
Pi-beseth	Pi-beseth	30.583333	31.5	Ezek 30:17	~
Pirathon	Pirathon	32.286022	35.022944	Judg 12:15, 2 Sam 23:30, 1 Chr 11:31, 1 Chr 27:14	now Faroun
Pisga	Pisga	31.765031	35.718566	Num 21:20, Num 23:14, Deut 3:17, Deut 3:27, Deut 4:49, Deut 34:1, Josh 12:3, Josh 13:20	
Pitón	Pitón	30.593851	32.185558	Ex 1:11	
Puteoli	Puteoli	40.835631	14.267744	Acts 28:13	
Rabbith	Rabbith	32.391416	35.377302	Josh 19:20	
Rakkon	Rakkon	32.132898	34.788144	Josh 19:46	~
Ramá de Aser	Ramá de Aser	33.111078	35.310464	Josh 19:29	
Ramá de Benjamín	Ramá de Benjamín	31.896379	35.201731	Josh 18:25, Josh 19:8, Judg 4:5, Judg 19:13, 1 Kgs 15:17, 1 Kgs 15:21, 1 Kgs 15:22, 2 Chr 16:1, 2 Chr 16:5, 2 Chr 16:6, Ezra 2:26, Neh 7:30, Neh 11:33, Isa 10:29, Jer 31:15, Jer 40:1, Hos 5:8, Matt 2:18	
Ramá de Neftalí	Ramá de Neftalí	32.93901	35.368123	Josh 19:36	
Rameses	Rameses	30.79937	31.834217	Gen 47:11, Ex 12:37, Num 33:3, Num 33:5	
Ramoth-gilead	Ramoth-gilead	32.565268	36.005559	Gen 31:47, Gen 31:48, Gen 31:49, Judg 10:17, Judg 11:11, Judg 11:29, Judg 11:34, Hos 5:1, 2 Kgs 8:29, 2 Chr 22:6, Josh 13:26, Deut 4:43, Josh 20:8, Josh 21:38, 1 Kgs 4:13, 1 Kgs 22:3, 1 Kgs 22:4, 1 Kgs 22:6, 1 Kgs 22:12, 1 Kgs 22:15	
Rehoboth	Rehoboth	31.066829	34.59783	Gen 26:22	
Rephidim	Rephidim	28.731061	33.8417	Ex 17:1, Ex 17:8, Ex 19:2, Num 33:14, Num 33:15	
Rezeph	Rezeph	35.95	39.016667	2 Kgs 19:12, Isa 37:12	~; from http://en.wikipedia.org/wiki/Resafa
Rhegium	Rhegium	38.11158	15.643279	Acts 28:13	
Rhodes	Rhodes	36.441926	28.226722	Acts 21:1	
Riblah	Riblah	34.431703	36.545259	2 Kgs 23:33, 2 Kgs 25:6, 2 Kgs 25:20, 2 Kgs 25:21, Jer 39:5, Jer 39:6, Jer 52:9, Jer 52:10, Jer 52:26, Jer 52:27, Ezek 6:14	
Rimmon	Rimmon	31.93466	35.297063	Judg 20:45, Judg 20:47, Judg 21:13	
Roma	Roma	41.9	12.483333	Acts 2:10, Acts 18:2, Acts 19:21, Acts 23:11, Acts 28:14, Acts 28:16, Rom 1:7, Rom 1:15, 2 Tim 1:17	
Salamis	Salamis	35.177246	33.907552	Acts 13:5	
Salecah	Salecah	32.493941	36.710337	Deut 3:10, Josh 12:5, Josh 13:11, 1 Chr 5:11	
Salim	Salim	32.399334	35.526443	John 3:23	
Salmone	Salmone	35.212297	26.274492	Acts 27:7	
Samaria	Samaria	32.280231	35.197929	1 Kgs 13:32, 1 Kgs 16:24, 1 Kgs 16:28, 1 Kgs 16:29, 1 Kgs 16:32, 1 Kgs 18:2, 1 Kgs 20:1, 1 Kgs 20:10, 1 Kgs 20:17, 1 Kgs 20:34, 1 Kgs 20:43, 1 Kgs 21:1, 1 Kgs 21:18, 1 Kgs 22:10, 1 Kgs 22:37, 1 Kgs 22:38, 1 Kgs 22:51, 2 Kgs 1:2, 2 Kgs 1:3, 2 Kgs 2:25	
Samos	Samos	37.715172	26.934167	Acts 20:15	
Samothrace	Samothrace	40.467279	25.486069	Acts 16:11	
Sardis	Sardis	38.476827	28.114131	Rev 1:11, Rev 3:1, Rev 3:4, Obad 1:20	
Sarid	Sarid	32.689786	35.196669	Josh 19:10, Josh 19:12	
Secacah	Secacah	31.766667	35.283333	Josh 15:61	~
Secu	Secu	31.883333	35.2	1 Sam 19:22	~; now Suweika
Sela	Sela	30.322436	35.456279	2 Kgs 14:7, Judg 1:36, Isa 16:1, Isa 42:11	
Seleucia	Seleucia	36.111018	35.926808	Acts 13:4	
Seneh	Seneh	31.853094	35.286169	1 Sam 14:4	
Sephar	Sephar	14.550219	44.392642	Gen 10:30	~
Shaalbim	Shaalbim	31.870364	34.981728	Josh 19:42, Judg 1:35, 1 Kgs 4:9	now Salbit
Shamir	Shamir	31.416667	34.933333	Josh 15:48	~
Shamir (2)	Shamir (2)	32.36047	35.250054	Judg 10:1, Judg 10:2	now Sanur
Sharuhen	Sharuhen	31.282222	34.4825	1 Chr 4:31, Josh 19:6, Josh 15:32	now Tel Sharuhen
Shihor-libnath	Shihor-libnath	32.538496	34.907697	Josh 19:26	river; now Nahar Tanninim?
Shimron	Shimron	32.705289	35.213333	Josh 11:1, Josh 19:15, Josh 12:20	
Shion	Shion	32.716666	35.333334	Josh 19:19	~
Shunem	Shunem	32.605631	35.334306	Josh 19:18, 1 Sam 28:4, 2 Kgs 4:8	
Sidón	Sidón	33.563167	35.366346	Josh 11:8, Gen 10:19, Gen 49:13, Judg 1:31, Judg 10:6, Judg 18:28, 2 Sam 24:6, 1 Kgs 17:9, Isa 23:2, Isa 23:4, Isa 23:12, Jer 25:22, Jer 27:3, Jer 47:4, Ezek 27:8, Ezek 28:21, Ezek 28:22, Joel 3:4, Zech 9:2, Matt 11:21	
Siló	Siló	32.055701	35.289529	Josh 18:1, Josh 18:8, Josh 18:9, Josh 18:10, Josh 19:51, Josh 21:2, Josh 22:9, Josh 22:12, Judg 18:31, Judg 21:12, Judg 21:19, Judg 21:21, 1 Sam 1:3, 1 Sam 1:9, 1 Sam 1:24, 1 Sam 2:14, 1 Sam 3:21, 1 Sam 4:3, 1 Sam 4:4, 1 Sam 4:12	
Siquem	Siquem	32.213691	35.281799	Gen 12:6, Gen 33:18, Gen 35:4, Gen 37:12, Gen 37:13, Gen 37:14, Josh 17:7, Josh 20:7, Josh 21:21, Josh 24:1, Josh 24:25, Josh 24:32, Judg 8:31, Judg 9:1, Judg 9:2, Judg 9:3, Judg 9:6, Judg 9:7, Judg 9:18, Judg 9:20	
Socoh	Socoh	31.681235	34.976398	2 Chr 11:7, 2 Chr 28:18, Josh 15:35, 1 Sam 17:1, 1 Kgs 4:10	
Sodoma	Sodoma	31.19656	35.396484	Gen 10:19, Gen 13:10, Gen 13:12, Gen 13:13, Gen 14:2, Gen 14:8, Gen 14:10, Gen 14:11, Gen 14:12, Gen 14:17, Gen 14:21, Gen 14:22, Gen 18:16, Gen 18:20, Gen 18:22, Gen 18:26, Gen 19:1, Gen 19:4, Gen 19:24, Gen 19:28	
Sucot (Egipto)	Sucot (Egipto)	30.620774	32.258693	Ex 12:37, Ex 13:20, Num 33:5, Num 33:6	
Sucot (Transjordania)	Sucot (Transjordania)	32.199983	35.633313	Gen 33:17, Josh 13:27, Judg 8:5, Judg 8:6, Judg 8:8, Judg 8:14, Judg 8:15, Judg 8:16, 1 Kgs 7:46, 2 Chr 4:17, Ps 60:6, Ps 108:7	
Susa	Susa	32.189191	48.257886	Ezra 4:9, Neh 1:1, Est 1:2, Est 1:5, Est 2:3, Est 2:5, Est 2:8, Est 3:15, Est 4:8, Est 4:16, Est 8:14, Est 8:15, Est 9:6, Est 9:11, Est 9:12, Est 9:13, Est 9:14, Est 9:15, Est 9:18, Dan 8:2	
Sychar	Sychar	32.203077	35.311921	John 4:5	
Syene	Syene	24.066181	32.895862	Isa 49:12, Ezek 29:10, Ezek 30:6	now Aswan
Syracuse	Syracuse	37.068232	15.294824	Acts 28:12	
Syrtis	Syrtis	31.766667	18.505556	Acts 27:17	water; from harper; now Sidra
Taanach	Taanach	32.51724	35.216325	1 Chr 6:70, Josh 12:21, Josh 17:11, Josh 21:25, Judg 1:27, Judg 5:19, 1 Kgs 4:12, 1 Chr 7:29	
Taanath-shiloh	Taanath-shiloh	32.15	35.383333	Josh 16:6	~; now Khirbat Tana
Tadmor	Tadmor	34.554049	38.265905	2 Chr 8:4, 1 Kgs 9:18	
Tahpanhes	Tahpanhes	30.860556	32.171389	Jer 2:16, Jer 43:7, Jer 43:8, Jer 43:9, Jer 44:1, Jer 46:14, Ezek 30:18	http://en.wikipedia.org/wiki/Tahpanhes
Tamar (2)	Tamar (2)	31.024923	35.064154	Ezek 47:18, Ezek 47:19, Ezek 48:28	now Kurnub; from New Bible Dictionary
Tappuah	Tappuah	32.116667	35.233333	Josh 17:7, Josh 12:17, Josh 16:8, Josh 17:8	
Tarsis	Tarsis	36.952995	-6.37934	1 Kgs 10:22, 1 Kgs 22:48, 2 Chr 9:21, 2 Chr 20:36, 2 Chr 20:37, Ps 48:7, Ps 72:10, Isa 2:16, Isa 23:1, Isa 23:6, Isa 23:10, Isa 23:14, Isa 60:9, Isa 66:19, Jer 10:9, Ezek 27:12, Ezek 27:25, Ezek 38:13, Jonah 1:3, Jonah 4:2	
Tarsus	Tarsus	36.918027	34.891534	Acts 9:11, Acts 9:30, Acts 11:25, Acts 21:39, Acts 22:3	
Tebas	Tebas	25.700025	32.639441	Jer 46:25, Ezek 30:14, Ezek 30:15, Ezek 30:16, Nahum 3:8	
Tekoa	Tekoa	31.636221	35.214077	2 Sam 14:2, 2 Sam 14:4, 2 Sam 14:9, 2 Sam 23:26, 1 Chr 11:28, 2 Chr 11:6, 2 Chr 20:20, Jer 6:1, Amos 1:1	
Temá	Temá	27.633172	38.554125	Job 6:19, Isa 21:14, Jer 25:23	
Tesalónica	Tesalónica	40.632156	22.932087	Acts 17:1, Acts 17:11, Acts 17:13, Acts 27:2, Phil 4:16, 2 Tim 4:10	
Thebez	Thebez	32.324102	35.368253	Judg 9:50, 2 Sam 11:21	
Three Taverns	Three Taverns	41.59132	12.828636	Acts 28:15	
Tiatira	Tiatira	38.925791	27.856556	Acts 16:14, Rev 1:11, Rev 2:18, Rev 2:24	
Tiberias	Tiberias	32.795538	35.52922	Josh 19:35, John 6:23	
Tigris	Tigris	35.983343	43.346466	Gen 2:14, Dan 10:4	
Timnah	Timnah	31.784368	34.90968	Gen 38:12, Gen 38:13, Gen 38:14, Josh 15:10, Josh 19:43, Judg 14:1, Judg 14:2, Judg 14:5, 2 Chr 28:18	now Tel Batash
Timnah (2)	Timnah (2)	31.699323	35.040359	Josh 15:57	~
Timnath-heres	Timnath-heres	32.121473	35.150392	Judg 2:9, Josh 19:50, Josh 24:30	
Tiphsah	Tiphsah	35.847967	38.73235	1 Kgs 4:24	
Tiphsah (2)	Tiphsah (2)	32.166667	35.166667	2 Kgs 15:16	~
Tiro	Tiro	33.275828	35.192575	Josh 19:29, 2 Sam 5:11, 2 Sam 24:7, 1 Kgs 5:1, 1 Kgs 7:13, 1 Kgs 7:14, 1 Kgs 9:11, 1 Kgs 9:12, 1 Chr 14:1, 2 Chr 2:3, 2 Chr 2:11, 2 Chr 2:14, Ps 45:12, Ps 83:7, Ps 87:4, Isa 23:1, Isa 23:5, Isa 23:8, Isa 23:15, Isa 23:17	
Tirsa	Tirsa	32.271369	35.294304	Josh 12:24, 1 Kgs 14:17, 1 Kgs 15:21, 1 Kgs 15:33, 1 Kgs 16:6, 1 Kgs 16:8, 1 Kgs 16:9, 1 Kgs 16:15, 1 Kgs 16:17, 1 Kgs 16:23, 2 Kgs 15:14, 2 Kgs 15:16, Sng 6:4	
Tob	Tob	32.561735	36.240494	Judg 11:3, Judg 11:5, 2 Sam 10:6, 2 Sam 10:8	from harper; now et-Taiyibeh
Tophel	Tophel	30.936991	35.61687	Deut 1:1	
Troas	Troas	39.506643	26.080593	Acts 16:8, Acts 16:11, Acts 20:5, Acts 20:6, 2 Cor 2:12, 2 Tim 4:13	
Ulai	Ulai	32.178696	48.22489	Dan 8:2, Dan 8:16	river; from http://en.wikipedia.org/wiki/Ulai
Ummah	Ummah	33.104377	35.180623	Josh 19:30	now Alma el Shaab
Upper Beth-horon	Upper Beth-horon	31.858918	35.128313	Josh 16:5, 1 Chr 7:24, 2 Chr 8:5	
Ur	Ur	30.962052	46.103742	Gen 11:28, Gen 11:31, Gen 15:7, Neh 9:7	
Uzal	Uzal	15.354879	44.215092	Ezek 27:19	now Sanaa
Uzzen-sheerah	Uzzen-sheerah	31.887821	35.045649	1 Chr 7:24	now Beit Sera
Valle de Achor	Valle de Achor	31.83689	35.399737	Josh 7:24, Josh 7:26, Josh 15:7, Isa 65:10, Hos 2:15	
Valle de Avén	Valle de Avén	34.006944	36.203889	Amos 1:5	
Valle de Beracah	Valle de Beracah	31.61065	35.165648	2 Chr 20:26	
Valle de Elah	Valle de Elah	31.690629	34.963136	1 Sam 17:2, 1 Sam 17:19, 1 Sam 21:9	
Valle de Hinnom	Valle de Hinnom	31.769079	35.227994	2 Kgs 23:10, Jer 7:31, Jer 7:32, Jer 19:6, Jer 19:11, Jer 19:12, Jer 19:13, Jer 19:14, Ps 84:6, Josh 15:8, Josh 18:16, Neh 11:30, 2 Chr 28:3, 2 Chr 33:6, Jer 19:2, Jer 32:35	?
Valle de Iphtahel	Valle de Iphtahel	32.832774	35.277225	Josh 19:14, Josh 19:27	
Valle de Mizpeh	Valle de Mizpeh	33.28177	35.573371	Josh 11:3, Josh 11:8	
Valle de Rephaim	Valle de Rephaim	31.756332	35.223059	Josh 15:8, Josh 18:16, 2 Sam 5:18, 2 Sam 5:22, 2 Sam 23:13, 1 Chr 11:15, 1 Chr 14:9, Isa 17:5	
Valle de Salt	Valle de Salt	31.087328	35.38374	2 Sam 8:13, 2 Kgs 14:7, 1 Chr 18:12, 2 Chr 25:11, Ps 60:1	from nbd
Valle de Siddim	Valle de Siddim	31.235341	35.517624	Gen 14:3, Gen 14:8, Gen 14:10	~
Valle de Sorec	Valle de Sorec	31.825731	34.989013	Judg 16:4	now Wadi es-Sarar
Valle de Zeboim	Valle de Zeboim	31.936283	35.424836	1 Sam 13:18	from tyndale; now Wadi ed Dubba
Valle de Zephathah	Valle de Zephathah	31.615198	34.910085	2 Chr 14:10	
Valle del Jordán	Valle del Jordán	32.309099	35.5599	Gen 32:10, Gen 50:10, Gen 50:11, Num 13:29, Num 22:1, Num 26:3, Num 26:63, Num 31:12, Num 32:5, Num 32:19, Num 32:21, Num 32:29, Num 32:32, Num 33:48, Num 33:49, Num 33:50, Num 33:51, Num 34:12, Num 34:15, Num 35:1	river
Yiron	Yiron	33.088748	35.414111	Josh 19:38	now Yaroun
Zanoah	Zanoah	31.716667	35	Josh 15:34, Neh 3:13, Neh 11:30	
Zanoah (2)	Zanoah (2)	31.366667	35	Josh 15:56	
Zaphon	Zaphon	32.23771	35.585865	Josh 13:27, Judg 12:1	~; now Qos
Zarephath	Zarephath	33.4333	35.3	1 Kgs 17:9, 1 Kgs 17:10, Obad 1:20, Luke 4:26	
Zarethan	Zarethan	32.267821	35.576613	Josh 3:16, 1 Kgs 4:12, 1 Kgs 7:46, 2 Chr 4:17, Judg 7:22	now Tell es Saidiyeh; from harper
Zeboim	Zeboim	31.101822	35.476337	Neh 11:34	
Zedad	Zedad	34.312571	36.925484	Num 34:8, Ezek 47:15	
Zelzah	Zelzah	31.717666	35.187019	1 Sam 10:2	
Zemaraim	Zemaraim	31.910999	35.45728	2 Chr 13:4, Josh 18:22	
Zephath	Zephath	30.880918	34.63062	Num 14:45, Num 21:3, Deut 1:44, Josh 12:14, Josh 15:30, Josh 19:4, Judg 1:17, 1 Sam 30:30, 1 Chr 4:30	
Zered	Zered	30.884128	35.897633	Num 21:12, Deut 2:13, Deut 2:14	river
Zereth-shahar	Zereth-shahar	31.616962	35.567522	Josh 13:19	
Ziddim	Ziddim	32.814279	35.435872	Josh 19:35	~
Ziklag	Ziklag	31.3776	34.873562	Josh 15:31, Josh 19:5, 1 Sam 27:6, 1 Sam 30:1, 1 Sam 30:14, 1 Sam 30:26, 2 Sam 1:1, 2 Sam 4:10, 1 Chr 4:30, 1 Chr 12:1, 1 Chr 12:20, Neh 11:28	
Zior	Zior	31.589719	35.148296	Josh 15:54	
Ziph	Ziph	31.4833	35.1333	Josh 15:55, 1 Sam 23:14, 1 Sam 23:15, 1 Sam 23:24, 1 Sam 26:2, 2 Chr 11:8	
Ziz	Ziz	31.572903	35.406346	2 Chr 20:16	
Zoan	Zoan	30.97462	31.884173	Num 13:22, Ps 78:12, Ps 78:43, Isa 19:11, Isa 19:13, Isa 30:4, Ezek 30:14	
Zoar	Zoar	30.926523	35.419061	Gen 14:2, Gen 14:8, 2 Kgs 8:21, Gen 13:10, Gen 19:22, Gen 19:23, Gen 19:30, Deut 34:3, Isa 15:5, Jer 48:34	
Zophim	Zophim	31.767811	35.725296	Num 23:14	~
Zorah	Zorah	31.762141	34.969319	Josh 15:33, Josh 19:41, Judg 13:2, Judg 13:25, Judg 16:31, Judg 18:2, Judg 18:8, Judg 18:11, 2 Chr 11:10, Neh 11:29	